{"cameraMode":{"drawMode":0,"name":"Shaded","section":"Shading Mode"},"sceneLighting":true,"audioPlay":false,"sceneViewState":{"showFog":true,"showMaterialUpdate":true,"showSkybox":true,"showFlares":true,"showImageEffects":true,"showParticleSystems":true},"in2DMode":false,"pivot":{"x":0.783846378326416,"y":-19.085277557373048,"z":3.7771410942077638},"rotation":{"x":0.4803125560283661,"y":0.5189909338951111,"z":-0.48089075088500979,"w":0.518375813961029},"size":49.60532760620117,"orthographic":false}