{"cameraMode":{"drawMode":0,"name":"Shaded","section":"Shading Mode"},"sceneLighting":true,"audioPlay":false,"sceneViewState":{"showFog":true,"showMaterialUpdate":true,"showSkybox":true,"showFlares":true,"showImageEffects":true,"showParticleSystems":true},"in2DMode":false,"pivot":{"x":1.2576794624328614,"y":-19.065244674682618,"z":1.840623140335083},"rotation":{"x":0.46861645579338076,"y":0.5297666788101196,"z":-0.47058993577957156,"w":0.5275530815124512},"size":45.08180236816406,"orthographic":false}