{"cameraMode":{"drawMode":0,"name":"Shaded","section":"Shading Mode"},"sceneLighting":true,"audioPlay":false,"sceneViewState":{"showFog":true,"showMaterialUpdate":true,"showSkybox":true,"showFlares":true,"showImageEffects":true,"showParticleSystems":true},"in2DMode":false,"pivot":{"x":11.003286361694336,"y":-21.142683029174806,"z":0.10669218003749848},"rotation":{"x":0.31188058853149416,"y":0.6370487213134766,"z":-0.3150770962238312,"w":0.6305874586105347},"size":52.09135818481445,"orthographic":false}